{"mass":0.9262419294413029,"centerOfMass":[-0.0011173,0.00225016,0.01981212],"transformation":[0.7071,-0.7071,0,0,0.7071,0.7071,0,0,0,0,1,0,0,0,0.14315286,1],"inertia":[0.001,0,0,0,0.0025,0,0,0,0.0017],"collisionModel":{"pointA":[0.03535533905932738,0.03535533905932738,0.04,0.03535533905932738,0.03535533905932738,0.1,0,0,0],"pointB":[-0.03535533905932738,-0.03535533905932738,0.04,-0.03535533905932738,-0.03535533905932738,0.1,0,0,0],"radius":[0.04,0.02,0]}}