{"mass":0.106,"centerOfMass":[0,0,0.06],"transformation":[0.7071,-0.7071,0,0,0.7071,0.7071,0,0,0,0,1,0,0,0,0.06,1],"inertia":[0.0000557,0,0,0,0.0000557,0,0,0,0.0000477],"collisionModel":{"pointA":[0,0.005,0,0,0,0,0,0,0],"pointB":[0,-0.005,0,0,0,0,0,0,0],"radius":[0.005,0,0]}}